"sales","glm"
1.418982031,1.49593112303473
1.137933395,1.12753219011603
1.2,1.26486565134174
